{
  "network": "grid4x4",
  "num_episodes": 1,
  "mean_reward": -775.1195833333348,
  "std_reward": 0.0,
  "min_reward": -775.1195833333348,
  "max_reward": -775.1195833333348,
  "mean_length": 89.0,
  "episode_rewards": [
    -775.1195833333348
  ],
  "episode_lengths": [
    89
  ],
  "per_agent_stats": {
    "A0": {
      "mean_reward": -39.69166666666667,
      "std_reward": 0.0
    },
    "A1": {
      "mean_reward": -39.627500000000005,
      "std_reward": 0.0
    },
    "A2": {
      "mean_reward": -60.93083333333334,
      "std_reward": 0.0
    },
    "A3": {
      "mean_reward": -47.90499999999999,
      "std_reward": 0.0
    },
    "B0": {
      "mean_reward": -52.401249999999976,
      "std_reward": 0.0
    },
    "B1": {
      "mean_reward": -55.40791666666669,
      "std_reward": 0.0
    },
    "B2": {
      "mean_reward": -42.67083333333335,
      "std_reward": 0.0
    },
    "B3": {
      "mean_reward": -44.52708333333335,
      "std_reward": 0.0
    },
    "C0": {
      "mean_reward": -38.348749999999995,
      "std_reward": 0.0
    },
    "C1": {
      "mean_reward": -44.57291666666667,
      "std_reward": 0.0
    },
    "C2": {
      "mean_reward": -39.47166666666667,
      "std_reward": 0.0
    },
    "C3": {
      "mean_reward": -30.144583333333337,
      "std_reward": 0.0
    },
    "D0": {
      "mean_reward": -58.19916666666667,
      "std_reward": 0.0
    },
    "D1": {
      "mean_reward": -56.727916666666694,
      "std_reward": 0.0
    },
    "D2": {
      "mean_reward": -77.26124999999998,
      "std_reward": 0.0
    },
    "D3": {
      "mean_reward": -47.231249999999996,
      "std_reward": 0.0
    },
    "J12": {
      "mean_reward": 0.0,
      "std_reward": 0.0
    },
    "J16": {
      "mean_reward": 0.0,
      "std_reward": 0.0
    },
    "J24": {
      "mean_reward": 0.0,
      "std_reward": 0.0
    },
    "J40": {
      "mean_reward": 0.0,
      "std_reward": 0.0
    },
    "J43": {
      "mean_reward": 0.0,
      "std_reward": 0.0
    },
    "J45": {
      "mean_reward": 0.0,
      "std_reward": 0.0
    },
    "J5": {
      "mean_reward": 0.0,
      "std_reward": 0.0
    },
    "J50": {
      "mean_reward": 0.0,
      "std_reward": 0.0
    },
    "J8": {
      "mean_reward": 0.0,
      "std_reward": 0.0
    },
    "clusterJ19_J60": {
      "mean_reward": 0.0,
      "std_reward": 0.0
    },
    "clusterJ21_J61": {
      "mean_reward": 0.0,
      "std_reward": 0.0
    },
    "clusterJ28_J59": {
      "mean_reward": 0.0,
      "std_reward": 0.0
    },
    "clusterJ29_J7": {
      "mean_reward": 0.0,
      "std_reward": 0.0
    },
    "clusterJ31_J54": {
      "mean_reward": 0.0,
      "std_reward": 0.0
    },
    "clusterJ34_J56": {
      "mean_reward": 0.0,
      "std_reward": 0.0
    },
    "clusterJ36_J55": {
      "mean_reward": 0.0,
      "std_reward": 0.0
    },
    "clusterJ49_J57": {
      "mean_reward": 0.0,
      "std_reward": 0.0
    }
  }
}